date,nifty50_close,nifty50_return
2018-01-01,9971.11,
2018-01-02,10117.76,0.014707489938432072
2018-01-03,10045.32,-0.007159687519767255
2018-01-04,10081.7,0.003621586967861745
2018-01-05,9991.17,-0.008979636370850197
2018-01-08,10241.79,0.0250841493038354
2018-01-09,10109.37,-0.012929380508680643
2018-01-10,10149.53,0.003972552196625401
2018-01-11,10227.34,0.0076663648464510015
2018-01-12,10280.09,0.005157743851284868
2018-01-15,10263.14,-0.0016488182496458004
2018-01-16,10252.68,-0.001019181264213409
2018-01-17,10262.4,0.0009480448038952094
2018-01-18,10249.94,-0.001214140941689923
2018-01-19,10367.26,0.011445920659047815
2018-01-22,10635.2,0.025844823029421482
2018-01-23,10572.96,-0.0058522641793291585
2018-01-24,10414.71,-0.01496742634040038
2018-01-25,10408.99,-0.0005492231660794156
2018-01-26,10722.8,0.030147977853759
2018-01-29,10630.33,-0.008623680381989685
2018-01-30,10834.64,0.019219535047359626
2018-01-31,11047.71,0.019665628022712323
2018-02-01,10983.54,-0.005808443559796372
2018-02-02,11059.63,0.006927638994349561
2018-02-05,11270.82,0.01909557553010366
2018-02-06,11227.54,-0.0038400045427039453
2018-02-07,11206.71,-0.0018552594780336662
2018-02-08,11138.07,-0.006124901956060191
2018-02-09,11015.62,-0.01099382568075069
2018-02-12,10939.76,-0.006886584686109365
2018-02-13,10793.86,-0.013336672833773267
2018-02-14,10802.91,0.0008384396314200515
2018-02-15,10713.84,-0.00824500065260192
2018-02-16,10747.13,0.003107195926017159
2018-02-19,10563.96,-0.017043620017623273
2018-02-20,10608.46,0.004212435488207156
2018-02-21,10714.03,0.009951491545427071
2018-02-22,10479.27,-0.021911456286756725
2018-02-23,10528.56,0.00470357190911197
2018-02-26,10680.97,0.014475863745849304
2018-02-27,10540.23,-0.013176705860984517
2018-02-28,10746.89,0.019606782774189924
2018-03-01,10802.95,0.005216392835508898
2018-03-02,10721.77,-0.0075146140637510905
2018-03-05,10719.84,-0.00018000759203007366
2018-03-06,10792.79,0.006805138882669981
2018-03-07,10806.98,0.0013147666173434214
2018-03-08,10878.11,0.00658185728112759
2018-03-09,10770.0,-0.009938307297867044
2018-03-12,10795.58,0.0023751160631384494
2018-03-13,10628.7,-0.01545817825443363
2018-03-14,10620.1,-0.0008091299970833798
2018-03-15,10516.55,-0.009750378998314657
2018-03-16,10433.92,-0.007857139461134977
2018-03-19,10585.97,0.014572663006808595
2018-03-20,10722.62,0.012908595055531213
2018-03-21,10801.81,0.007385321870960526
2018-03-22,10673.67,-0.011862826692933814
2018-03-23,10640.25,-0.003131069257340746
2018-03-26,10792.49,0.014307934494020236
2018-03-27,10814.73,0.0020606922035599773
2018-03-28,11107.93,0.02711117152254383
2018-03-29,11162.62,0.004923509600798681
2018-03-30,11192.01,0.0026328944280105127
2018-04-02,11157.89,-0.003048603423335128
2018-04-03,11179.84,0.001967217816271738
2018-04-04,11165.57,-0.0012764046712654409
2018-04-05,11260.67,0.008517254381101846
2018-04-06,11388.63,0.011363444626296682
2018-04-09,11292.68,-0.00842506956499589
2018-04-10,11128.53,-0.014535964890530773
2018-04-11,10904.14,-0.02016348969720183
2018-04-12,10972.08,0.006230661014990702
2018-04-13,10840.56,-0.01198678828444566
2018-04-16,10583.91,-0.023674976200491415
2018-04-17,10635.45,0.0048696559211105495
2018-04-18,10945.32,0.02913557959465729
2018-04-19,10949.51,0.0003828120146327496
2018-04-20,11059.11,0.010009580337384971
2018-04-23,11074.37,0.00137985787283057
2018-04-24,11066.96,-0.000669112554484097
2018-04-25,11187.94,0.010931637956584472
2018-04-26,11156.22,-0.002835195755429565
2018-04-27,11195.15,0.003489533193142602
2018-04-30,11241.13,0.004107135679289664
2018-05-01,11161.34,-0.007098040855323173
2018-05-02,11292.7,0.011769196171785845
2018-05-03,11275.41,-0.001531077598802888
2018-05-04,11184.25,-0.008084850129618348
2018-05-07,11257.57,0.006555647450656066
2018-05-08,11148.5,-0.009688591765363186
2018-05-09,11157.1,0.0007714042247837227
2018-05-10,11160.99,0.00034865690905339086
2018-05-11,11304.37,0.012846530639307074
2018-05-14,11370.51,0.005850834677208816
2018-05-15,11372.42,0.00016797839322957309
2018-05-16,11483.54,0.009771007402118448
2018-05-17,11671.27,0.0163477464266244
2018-05-18,11750.63,0.0067996027853007845
2018-05-21,11757.32,0.0005693311762859921
2018-05-22,11588.95,-0.014320440372465715
2018-05-23,11455.01,-0.011557561297615426
2018-05-24,11420.59,-0.0030047987736370185
2018-05-25,11347.05,-0.006439247009130122
2018-05-28,11328.13,-0.001667393727885269
2018-05-29,11340.53,0.00109462020651252
2018-05-30,11414.0,0.006478533190247715
2018-05-31,11410.04,-0.00034694235149812513
2018-06-01,11478.33,0.005985079806906768
2018-06-04,11491.92,0.001183970141998003
2018-06-05,11242.44,-0.021709166092350074
2018-06-06,11128.35,-0.010148152892076823
2018-06-07,11115.21,-0.0011807680383885133
2018-06-08,10968.74,-0.013177438842810862
2018-06-11,11048.59,0.007279778716607455
2018-06-12,11247.12,0.0179688086896157
2018-06-13,11408.78,0.014373457382867771
2018-06-14,11386.34,-0.0019669061897942264
2018-06-15,11585.67,0.017506064284045664
2018-06-18,11610.46,0.0021397122479751562
2018-06-19,11571.39,-0.003365069084256711
2018-06-20,11496.38,-0.006482367286903323
2018-06-21,11462.19,-0.0029739796353285275
2018-06-22,11417.01,-0.003941655128732013
2018-06-25,11444.26,0.0023867895359643843
2018-06-26,11470.29,0.002274502676451018
2018-06-27,11475.87,0.0004864741867904865
2018-06-28,11538.07,0.005420068369544007
2018-06-29,11700.19,0.01405087679308581
2018-07-02,11832.18,0.01128101338525278
2018-07-03,11639.89,-0.016251443098397877
2018-07-04,11312.75,-0.02810507659436634
2018-07-05,11438.4,0.011106936863273686
2018-07-06,11267.57,-0.01493478108826407
2018-07-09,11243.97,-0.0020945066238772236
2018-07-10,11100.78,-0.012734825866664412
2018-07-11,10881.18,-0.01978239366963408
2018-07-12,10953.14,0.006613253342008685
2018-07-13,11052.82,0.009100586681079603
2018-07-16,10985.76,-0.006067229901509208
2018-07-17,10672.52,-0.028513275367384683
2018-07-18,10611.41,-0.005725920401179918
2018-07-19,10663.47,0.004906039819401853
2018-07-20,10490.88,-0.016185162991033897
2018-07-23,10517.46,0.0025336292093705026
2018-07-24,10520.39,0.00027858437303307504
2018-07-25,10594.5,0.007044415653792324
2018-07-26,10613.67,0.0018094294209258788
2018-07-27,10501.95,-0.010526048011667899
2018-07-30,10650.21,0.014117378201190967
2018-07-31,10635.89,-0.001344574426231926
2018-08-01,10637.4,0.00014197213397282304
2018-08-02,10530.18,-0.010079530712392093
2018-08-03,10482.12,-0.004564024546588885
2018-08-06,10382.17,-0.009535284846958536
2018-08-07,10366.51,-0.0015083551897147052
2018-08-08,10574.45,0.02005882404010606
2018-08-09,10415.93,-0.014990850587973892
2018-08-10,10231.71,-0.01768637078014168
2018-08-13,10408.52,0.017280591416293234
2018-08-14,10388.54,-0.0019195812661165768
2018-08-15,10314.68,-0.007109757482764767
2018-08-16,10441.74,0.01231836566912392
2018-08-17,10374.96,-0.006395485809836399
2018-08-20,10596.8,0.021382251112293416
2018-08-21,10683.4,0.008172278423675072
2018-08-22,10629.25,-0.005068611116311295
2018-08-23,10897.39,0.025226615236258354
2018-08-24,10827.69,-0.006396026938560451
2018-08-27,10924.11,0.008904946484430187
2018-08-28,10966.2,0.0038529454573417166
2018-08-29,11134.29,0.015328007878754768
2018-08-30,11338.31,0.018323575189796548
2018-08-31,11347.55,0.000814936264752042
2018-09-03,11256.1,-0.008059008332194972
2018-09-04,11320.07,0.00568314069704412
2018-09-05,11238.49,-0.00720666921670976
2018-09-06,11503.21,0.023554765809285616
2018-09-07,11526.23,0.0020011805400406146
2018-09-10,11483.77,-0.0036837717102642387
2018-09-11,11513.04,0.002548814544352629
2018-09-12,11343.64,-0.01471375066880698
2018-09-13,11224.42,-0.010509853979851158
2018-09-14,11383.38,0.01416197897085092
2018-09-17,11304.01,-0.00697244579377998
2018-09-18,11175.66,-0.011354377782751501
2018-09-19,11248.95,0.006558001943509417
2018-09-20,11406.36,0.013993306041897302
2018-09-21,11504.92,0.008640793381937684
2018-09-24,11640.85,0.011814945258202592
2018-09-25,11546.6,-0.008096487799430507
2018-09-26,11367.07,-0.015548299932447662
2018-09-27,11567.46,0.017628993223407496
2018-09-28,11530.42,-0.0032020858511720984
2018-10-01,11502.86,-0.002390199142789151
2018-10-02,11682.69,0.015633503320043873
2018-10-03,11761.91,0.0067809725328669135
2018-10-04,11828.21,0.005636839594929777
2018-10-05,12127.65,0.025315749382197383
2018-10-08,12044.92,-0.0068216018767032205
2018-10-09,12177.8,0.01103203674246056
2018-10-10,12191.18,0.0010987206227726087
2018-10-11,12233.89,0.003503352423637418
2018-10-12,12453.39,0.01794196285891081
2018-10-15,12530.97,0.006229629040767293
2018-10-16,12613.38,0.006576506048614039
2018-10-17,12773.48,0.012692870586631155
2018-10-18,12726.47,-0.003680281332886559
2018-10-19,12611.64,-0.00902292623170442
2018-10-22,12468.74,-0.01133080233815742
2018-10-23,12199.32,-0.021607636377051764
2018-10-24,12492.73,0.02405134056652347
2018-10-25,12343.0,-0.011985370691594222
2018-10-26,12317.63,-0.00205541602527759
2018-10-29,12284.58,-0.0026831460272795926
2018-10-30,12333.04,0.003944782809017555
2018-10-31,12453.27,0.009748610237216404
2018-11-01,12581.05,0.010260758820775484
2018-11-02,12503.79,-0.006140981873531848
2018-11-05,12485.75,-0.001442762554393573
2018-11-06,12531.48,0.0036625753358827673
2018-11-07,12501.84,-0.0023652433710942278
2018-11-08,12737.53,0.01885242492305128
2018-11-09,12814.43,0.006037277242919137
2018-11-12,12927.49,0.00882286609704841
2018-11-13,13030.91,0.00800000618836294
2018-11-14,13211.42,0.013852447756910413
2018-11-15,13244.54,0.002506922041688231
2018-11-16,13057.11,-0.014151491860041943
2018-11-19,13122.34,0.004995745612926594
2018-11-20,13031.66,-0.006910352879135884
2018-11-21,12959.64,-0.00552654074768677
2018-11-22,13051.98,0.0071251979221644834
2018-11-23,13242.51,0.014597785163630306
2018-11-26,13251.69,0.0006932220553355073
2018-11-27,13304.18,0.0039610042190845185
2018-11-28,13569.59,0.01994936929596558
2018-11-29,13612.83,0.003186536955058994
2018-11-30,14026.73,0.03040513985703197
2018-12-03,14123.34,0.006887563958242637
2018-12-04,13850.41,-0.01932474896164793
2018-12-05,13975.54,0.009034389595687031
2018-12-06,14042.41,0.004784788280095098
2018-12-07,14255.72,0.01519041247193309
2018-12-10,14371.44,0.008117443384129341
2018-12-11,14355.38,-0.0011174941411578043
2018-12-12,14163.87,-0.0133406430202474
2018-12-13,14136.72,-0.0019168489967785751
2018-12-14,14007.36,-0.009150637488752555
2018-12-17,13921.75,-0.006111786946291109
2018-12-18,14021.3,0.007150681487600341
2018-12-19,14295.78,0.019575930905123107
2018-12-20,14366.38,0.004938520318583439
2018-12-21,14179.29,-0.013022765651472312
2018-12-24,14257.39,0.005508033194891793
2018-12-25,14458.69,0.01411899372886638
2018-12-26,14365.55,-0.006441800744050874
2018-12-27,14350.21,-0.0010678324185290355
2018-12-28,14359.09,0.0006188062753089696
2018-12-31,14238.29,-0.00841278938985679
2019-01-01,14349.81,0.007832401222337637
2019-01-02,14336.62,-0.0009191759333397886
2019-01-03,14411.49,0.00522229088864723
2019-01-04,14273.64,-0.009565284366849003
2019-01-07,14209.42,-0.004499202726144125
2019-01-08,14332.76,0.008680157247797693
2019-01-09,14278.75,-0.0037682902664943896
2019-01-10,14567.68,0.020234964545215783
2019-01-11,14508.37,-0.00407134149020294
2019-01-14,14551.95,0.003003783333344723
2019-01-15,14713.29,0.011087173883912449
2019-01-16,14485.09,-0.015509787409885956
2019-01-17,14205.17,-0.019324698707429477
2019-01-18,13967.85,-0.01670659344449943
2019-01-21,14175.66,0.014877737089100895
2019-01-22,14093.59,-0.005789501159028876
2019-01-23,14514.95,0.029897279543395383
2019-01-24,14428.89,-0.005929059349153887
2019-01-25,14465.65,0.0025476665218184813
2019-01-28,14727.47,0.018099428646483284
2019-01-29,15073.12,0.02346974734968077
2019-01-30,15436.58,0.02411312322863468
2019-01-31,15656.61,0.014253804923111346
2019-02-01,15846.62,0.012136088208111406
2019-02-04,15960.65,0.007195856277237622
2019-02-05,16109.41,0.009320422413874097
2019-02-06,16016.28,-0.0057810931623193396
2019-02-07,15875.54,-0.008787308913180802
2019-02-08,15882.11,0.00041384419049683707
2019-02-11,15858.65,-0.001477133705785949
2019-02-12,15784.48,-0.004676942867141931
2019-02-13,15916.8,0.00838291790416923
2019-02-14,16097.42,0.011347758343385639
2019-02-15,16120.84,0.0014548915292016407
2019-02-18,16400.6,0.0173539344103657
2019-02-19,16196.97,-0.012416009170396203
2019-02-20,16168.74,-0.0017429185829200833
2019-02-21,16045.1,-0.00764685436218282
2019-02-22,15716.18,-0.020499716424328907
2019-02-25,15708.54,-0.0004861232182374886
2019-02-26,15693.96,-0.000928157549969777
2019-02-27,15972.82,0.01776861926499107
2019-02-28,16094.74,0.007632966501845084
2019-03-01,15916.1,-0.011099278397787016
2019-03-04,16261.59,0.021706950823380033
2019-03-05,16495.75,0.014399575933226716
2019-03-06,16612.49,0.007076974372186795
2019-03-07,16577.37,-0.002114072002451284
2019-03-08,16405.4,-0.01037378064192318
2019-03-11,16343.69,-0.003761566313530973
2019-03-12,16554.18,0.012878976534674846
2019-03-13,16919.38,0.022060893381611324
2019-03-14,17225.83,0.018112365819551446
2019-03-15,17138.35,-0.005078420023882924
2019-03-18,16929.79,-0.012169199485364546
2019-03-19,16964.52,0.002051413514284617
2019-03-20,16635.24,-0.01940992141245368
2019-03-21,16703.85,0.004124376925129791
2019-03-22,16683.45,-0.0012212753347280447
2019-03-25,16603.02,-0.004820945308074753
2019-03-26,16312.86,-0.01747633864200604
2019-03-27,16415.55,0.006295033488916024
2019-03-28,16324.06,-0.0055733740264566345
2019-03-29,16116.22,-0.0127321266890712
2019-04-01,15606.84,-0.03160666707205528
2019-04-02,15609.02,0.00013968234440797644
2019-04-03,15933.06,0.02075979145391571
2019-04-04,16243.37,0.019475857117214224
2019-04-05,16166.69,-0.004720695274441189
2019-04-08,16063.93,-0.0063562794857822125
2019-04-09,16156.84,0.005783765243000838
2019-04-10,15982.18,-0.010810282208649657
2019-04-11,16044.21,0.0038811976839203677
2019-04-12,16191.49,0.00917963551960499
2019-04-15,16425.74,0.014467476433608129
2019-04-16,16414.51,-0.0006836830486787182
2019-04-17,16384.04,-0.0018562844702643133
2019-04-18,16229.07,-0.009458595071789477
2019-04-19,16084.88,-0.008884674229638567
2019-04-22,16050.87,-0.002114408065213902
2019-04-23,16125.15,0.00462778653119722
2019-04-24,16300.42,0.010869356254050277
2019-04-25,16159.94,-0.008618182844368438
2019-04-26,16443.21,0.01752914924189075
2019-04-29,16400.14,-0.0026193182474710808
2019-04-30,16403.57,0.00020914455608300742
2019-05-01,16272.53,-0.007988504941302321
2019-05-02,15838.46,-0.026675016116117223
2019-05-03,16005.26,0.010531326909308136
2019-05-06,16146.83,0.008845217134866967
2019-05-07,16102.67,-0.0027349021448791477
2019-05-08,16122.19,0.0012122213272705018
2019-05-09,16224.11,0.006321721800822244
2019-05-10,15946.39,-0.01711773403903205
2019-05-13,15858.17,-0.0055322866178488805
2019-05-14,16008.87,0.009502988049693073
2019-05-15,15789.92,-0.013676792927920678
2019-05-16,15849.73,0.0037878595965019635
2019-05-17,15614.84,-0.014819810810657308
2019-05-20,15704.73,0.005756703238713801
2019-05-21,15705.48,4.775631290709903e-05
2019-05-22,15427.43,-0.017704011593405622
2019-05-23,15639.59,0.013752128513952133
2019-05-24,15516.87,-0.007846753015903873
2019-05-27,15381.91,-0.008697630385509525
2019-05-28,15423.89,0.0027291799262900707
2019-05-29,15633.15,0.013567264808034718
2019-05-30,15461.1,-0.01100545955229748
2019-05-31,15478.9,0.0011512764292320732
2019-06-03,15561.37,0.005327897977246421
2019-06-04,15691.24,0.008345666223475101
2019-06-05,15729.77,0.0024555102082435276
2019-06-06,15671.51,-0.003703804950739964
2019-06-07,15532.15,-0.00889257002037458
2019-06-10,15554.35,0.0014292934332980067
2019-06-11,15373.35,-0.011636616123463894
2019-06-12,14879.16,-0.03214588882709368
2019-06-13,14959.76,0.00541697246349937
2019-06-14,15120.7,0.01075819398172162
2019-06-17,14727.6,-0.025997473661933612
2019-06-18,14566.52,-0.010937287813357233
2019-06-19,14675.77,0.0075000755156344745
2019-06-20,15028.96,0.02406619891153916
2019-06-21,15039.3,0.0006880050249651326
2019-06-24,14922.4,-0.007772968156762539
2019-06-25,14898.21,-0.0016210529137404839
2019-06-26,15139.12,0.016170398994241664
2019-06-27,15035.43,-0.006849143147025782
2019-06-28,14906.52,-0.008573748805321801
2019-07-01,14831.85,-0.0050092174431054515
2019-07-02,14679.01,-0.010304850709790037
2019-07-03,14706.08,0.0018441298152940266
2019-07-04,14986.28,0.019053343923057797
2019-07-05,15048.07,0.004123104599673688
2019-07-08,15011.85,-0.0024069531840295033
2019-07-09,14969.02,-0.0028530794006068616
2019-07-10,14712.68,-0.017124701550268462
2019-07-11,14867.45,0.010519497467490702
2019-07-12,14861.05,-0.00043047059179623925
2019-07-15,14837.36,-0.0015941000131214356
2019-07-16,15391.36,0.03733817875956369
2019-07-17,15450.57,0.0038469634912055017
2019-07-18,15326.34,-0.008040480059958943
2019-07-19,15259.31,-0.0043735164429342666
2019-07-22,15466.3,0.013564833534412735
2019-07-23,15493.18,0.0017379722364108119
2019-07-24,15249.44,-0.015732083407021702
2019-07-25,15416.18,0.010934172008939314
2019-07-26,15306.74,-0.007099034910075019
2019-07-29,15642.41,0.021929555215545626
2019-07-30,15842.31,0.01277936072510566
2019-07-31,15769.27,-0.00461043875545919
2019-08-01,16007.23,0.015090108800217106
2019-08-02,16026.78,0.001221323114617645
2019-08-05,16189.82,0.010172972986463913
2019-08-06,16286.4,0.005965477071394165
2019-08-07,16138.14,-0.009103300913645751
2019-08-08,16028.04,-0.006822347556781572
2019-08-09,16223.65,0.01220423707452678
2019-08-12,16169.48,-0.0033389527017656517
2019-08-13,16102.91,-0.0041170155131766695
2019-08-14,15936.65,-0.010324841907456528
2019-08-15,16020.61,0.005268359410541157
2019-08-16,16407.11,0.02412517376054968
2019-08-19,16217.03,-0.011585221285162373
2019-08-20,16228.81,0.0007263968803163934
2019-08-21,16498.22,0.016600724267521905
2019-08-22,16490.77,-0.00045156386567768436
2019-08-23,16583.07,0.005597070361177847
2019-08-26,16391.9,-0.011528022254021608
2019-08-27,16479.14,0.005322140813450504
2019-08-28,16451.64,-0.0016687764045939524
2019-08-29,16644.06,0.011696098382896869
2019-08-30,16877.29,0.014012806971375857
2019-09-02,17388.05,0.030263152437387753
2019-09-03,17510.62,0.007049094061726269
2019-09-04,17583.36,0.0041540505133457195
2019-09-05,17630.12,0.002659332459780117
2019-09-06,17567.59,-0.003546771094014023
2019-09-09,17643.11,0.0042988252799616156
2019-09-10,17592.06,-0.0028934807978865384
2019-09-11,17633.66,0.002364703167224258
2019-09-12,17907.17,0.015510676739825868
2019-09-13,17711.95,-0.010901778449637689
2019-09-16,17950.47,0.013466614347940276
2019-09-17,18228.79,0.015504886501578996
2019-09-18,18212.63,-0.0008865097463957028
2019-09-19,17787.7,-0.023331611085274373
2019-09-20,17673.51,-0.006419604558206116
2019-09-23,17943.45,0.015273706241714535
2019-09-24,17946.9,0.0001922707171697624
2019-09-25,17752.7,-0.010820810279212556
2019-09-26,17659.36,-0.005257791772519171
2019-09-27,17836.54,0.010033206186407684
2019-09-30,17955.56,0.006672818831455096
2019-10-01,17915.07,-0.0022550118180664214
2019-10-02,17848.77,-0.0037007949173516463
2019-10-03,17777.69,-0.003982347242975415
2019-10-04,17600.66,-0.009957986667559093
2019-10-07,17934.11,0.018945312278062287
2019-10-08,17876.76,-0.0031978168975210775
2019-10-09,18133.38,0.014354950225879959
2019-10-10,18457.23,0.01785932903849141
2019-10-11,18675.78,0.011840888367322666
2019-10-14,18593.0,-0.004432478857643418
2019-10-15,18686.74,0.00504168235357394
2019-10-16,18690.06,0.00017766608835989572
2019-10-17,18507.87,-0.00974796228583552
2019-10-18,18584.46,0.004138239570517843
2019-10-21,18345.94,-0.012834378830485327
2019-10-22,18603.07,0.014015635066941368
2019-10-23,18513.68,-0.004805120875210345
2019-10-24,18564.34,0.0027363549548224952
2019-10-25,18632.48,0.0036704779162630707
2019-10-28,18586.25,-0.002481151194043907
2019-10-29,18718.76,0.007129463985473095
2019-10-30,18626.65,-0.00492073192882414
2019-10-31,18820.08,0.010384583379190682
2019-11-01,18543.4,-0.01470131901670979
2019-11-04,18578.38,0.0018863854525059676
2019-11-05,18999.93,0.022690352980184514
2019-11-06,18794.13,-0.010831618853332614
2019-11-07,18658.67,-0.0072075695975287735
2019-11-08,18776.19,0.006298412480632454
2019-11-11,18822.96,0.0024909206819914154
2019-11-12,18906.48,0.004437134223310268
2019-11-13,19020.24,0.00601698465288103
2019-11-14,19166.27,0.007677610797760748
2019-11-15,19417.73,0.013119923699290492
2019-11-18,19516.98,0.005111308067420772
2019-11-19,19472.46,-0.002281090619552839
2019-11-20,19630.39,0.008110428779928291
2019-11-21,20066.93,0.02223796878207729
2019-11-22,20045.82,-0.0010519795504344565
2019-11-25,19834.49,-0.010542347481918846
2019-11-26,20094.11,0.013089320673231208
2019-11-27,20075.77,-0.0009127052653737922
2019-11-28,19596.08,-0.02389397766561374
2019-11-29,19794.22,0.0101112059146522
2019-12-02,19683.31,-0.005603150818774383
2019-12-03,19672.0,-0.0005745984796257098
2019-12-04,19755.11,0.004224786498576716
2019-12-05,19806.77,0.002615019607585145
2019-12-06,19975.77,0.008532436131686305
2019-12-09,19886.35,-0.004476423186690726
2019-12-10,20011.42,0.0062892385983350785
2019-12-11,19961.63,-0.0024880793067156848
2019-12-12,20138.65,0.00886801328348441
2019-12-13,20288.82,0.007456805694522561
2019-12-16,20083.82,-0.010104086881346452
2019-12-17,20341.84,0.012847157562654976
2019-12-18,20227.73,-0.005609620368658863
2019-12-19,20423.14,0.00966050070868052
2019-12-20,20517.63,0.004626614712527122
2019-12-23,20959.23,0.0215229536744741
2019-12-24,20915.64,-0.002079751975621269
2019-12-25,20842.37,-0.0035031201531485756
2019-12-26,20847.19,0.00023125968879744718
2019-12-27,20785.03,-0.0029816968138152156
2019-12-30,20983.89,0.009567462736402188
2019-12-31,20612.12,-0.01771692474560249
2020-01-01,20376.52,-0.011430168269930485
2020-01-02,20140.39,-0.011588337949757888
2020-01-03,20367.78,0.011290248103437817
2020-01-06,20776.08,0.020046367350786465
2020-01-07,20760.86,-0.000732573228443556
2020-01-08,20730.52,-0.001461403814678186
2020-01-09,20756.36,0.001246471386149528
2020-01-10,21041.13,0.013719650266231564
2020-01-13,20830.44,-0.010013245486340416
2020-01-14,20896.25,0.0031593187661902444
2020-01-15,21138.14,0.01157576120117243
2020-01-16,21268.19,0.006152386160750201
2020-01-17,21323.59,0.0026048290898286197
2020-01-20,21576.75,0.011872297300782764
2020-01-21,20934.87,-0.029748687823699216
2020-01-22,21105.93,0.008171056232973983
2020-01-23,20959.44,-0.006940703394733183
2020-01-24,20538.13,-0.020101204994026456
2020-01-27,20666.86,0.006267853986706706
2020-01-28,21000.76,0.016156300473318064
2020-01-29,20977.53,-0.0011061504440791348
2020-01-30,21214.99,0.011319731159960433
2020-01-31,21616.16,0.01890974259238387
2020-02-03,21950.77,0.015479622652682101
2020-02-04,22372.88,0.01922984934013705
2020-02-05,22572.13,0.008905871751871075
2020-02-06,22601.65,0.0013078074599073286
2020-02-07,22204.83,-0.01755712525412967
2020-02-10,22152.96,-0.0023359782533801665
2020-02-11,21952.07,-0.009068314121453702
2020-02-12,22509.31,0.025384394273524125
2020-02-13,22474.61,-0.0015415843488760794
2020-02-14,22516.2,0.0018505326677527023
2020-02-17,22667.67,0.006727156447357885
2020-02-18,22689.13,0.0009467227994761629
2020-02-19,22998.17,0.013620619212812324
2020-02-20,22104.39,-0.03886309215037542
2020-02-21,21732.55,-0.01682199780224658
2020-02-24,20798.47,-0.04298069025494011
2020-02-25,20221.21,-0.027754926203706454
2020-02-26,19796.99,-0.020978962188711647
2020-02-27,19851.72,0.0027645616833669173
2020-02-28,19225.56,-0.03154185128543019
2020-03-02,18800.26,-0.022121592296921566
2020-03-03,18080.74,-0.03827181113452671
2020-03-04,17971.63,-0.0060345981414478
2020-03-05,17054.29,-0.05104378400846221
2020-03-06,16973.39,-0.004743674465486514
2020-03-09,16528.94,-0.02618510503794469
2020-03-10,15848.49,-0.041167189184545316
2020-03-11,15431.27,-0.026325536376020642
2020-03-12,14985.79,-0.028868654362213864
2020-03-13,14649.85,-0.022417236595468126
2020-03-16,14560.34,-0.00610996017024068
2020-03-17,14241.53,-0.021895779906238366
2020-03-18,14121.52,-0.008426763135702453
2020-03-19,13934.57,-0.013238659860978164
2020-03-20,13607.27,-0.023488345890831153
2020-03-23,13133.08,-0.0348482833073791
2020-03-24,13027.46,-0.008042287110106794
2020-03-25,12986.28,-0.0031610152708201333
2020-03-26,12875.4,-0.008538241898372823
2020-03-27,13039.34,0.01273280830110135
2020-03-30,13048.38,0.0006932866234026225
2020-03-31,13338.75,0.02225333719588174
2020-04-01,13389.05,0.003770968044231937
2020-04-02,13341.19,-0.0035745627957173287
2020-04-03,13172.66,-0.012632306413445926
2020-04-06,12963.66,-0.015866195589956722
2020-04-07,12789.68,-0.013420592641275708
2020-04-08,12885.72,0.007509179275791089
2020-04-09,13018.08,0.010271835799629425
2020-04-10,12843.81,-0.013386766712141895
2020-04-13,13032.71,0.014707473872628052
2020-04-14,13019.35,-0.0010251129657606883
2020-04-15,13099.22,0.006134714866717461
2020-04-16,13400.41,0.022992972100629006
2020-04-17,13597.77,0.014727907578947264
2020-04-20,13616.91,0.0014075837435107985
2020-04-21,13540.14,-0.005637842946747851
2020-04-22,13272.73,-0.019749426519962143
2020-04-23,13223.67,-0.0036963006103492013
2020-04-24,13250.91,0.0020599425121770043
2020-04-27,13161.87,-0.006719538507166556
2020-04-28,13200.93,0.0029676634095305854
2020-04-29,13271.39,0.005337502736549649
2020-04-30,13296.65,0.001903342453202006
2020-05-01,13257.9,-0.0029142678795034405
2020-05-04,13342.54,0.006384118148424767
2020-05-05,13469.4,0.009507934771040505
2020-05-06,13363.24,-0.007881568592513433
2020-05-07,13639.33,0.020660408703278454
2020-05-08,13684.88,0.0033396068575215487
2020-05-11,13748.87,0.004675963545168305
2020-05-12,13921.56,0.012560304955970825
2020-05-13,14020.7,0.007121328356879619
2020-05-14,14236.29,0.01537655038621466
2020-05-15,14346.43,0.007736566198075501
2020-05-18,14310.71,-0.002489818024414503
2020-05-19,14433.6,0.008587274845203385
2020-05-20,14311.2,-0.008480212836714296
2020-05-21,14392.75,0.005698334171837294
2020-05-22,14451.52,0.004083305831060757
2020-05-25,14481.78,0.0020938973893402935
2020-05-26,14525.2,0.0029982502150978085
2020-05-27,14281.98,-0.01674469198358719
2020-05-28,14256.72,-0.0017686623283326153
2020-05-29,14335.41,0.005519502382034691
2020-06-01,14425.49,0.006283740751049427
2020-06-02,14321.98,-0.00717549282554697
2020-06-03,14593.83,0.018981314036187857
2020-06-04,14515.68,-0.005355002764867001
2020-06-05,14741.6,0.015563859219823062
2020-06-08,14879.27,0.009338877733760187
2020-06-09,14836.54,-0.00287178067203564
2020-06-10,15205.77,0.024886530147864683
2020-06-11,15068.28,-0.009041962360340827
2020-06-12,15294.08,0.0149851210622578
2020-06-15,15537.6,0.015922500732309608
2020-06-16,15488.69,-0.003147847801462267
2020-06-17,15805.39,0.02044717790852535
2020-06-18,15830.95,0.0016171698388967037
2020-06-19,15953.72,0.007755062077765329
2020-06-22,16072.27,0.007430868787969169
2020-06-23,16119.41,0.00293300199660651
2020-06-24,16340.87,0.013738716243336446
2020-06-25,16562.12,0.013539670776402835
2020-06-26,16309.43,-0.015257104766780993
2020-06-29,16626.29,0.01942802415535061
2020-06-30,16388.59,-0.014296635028018922
2020-07-01,16655.58,0.016291212361771334
2020-07-02,16944.99,0.0173761586207144
2020-07-03,16811.34,-0.00788728703882391
2020-07-06,16807.87,-0.00020640829344964473
2020-07-07,16672.51,-0.008053370236680846
2020-07-08,16706.13,0.0020164930175481377
2020-07-09,16722.15,0.0009589294468557163
2020-07-10,16945.91,0.013381054469670417
2020-07-13,17276.3,0.0194967399213144
2020-07-14,17630.19,0.02048413144018113
2020-07-15,17596.32,-0.0019211364142983633
2020-07-16,17632.95,0.002081685261463795
2020-07-17,17376.74,-0.014530183548413622
2020-07-20,17295.5,-0.004675215259018706
2020-07-21,17563.77,0.015510971061836853
2020-07-22,17968.3,0.023032071132792042
2020-07-23,17797.61,-0.009499507465925983
2020-07-24,17757.32,-0.002263787103998882
2020-07-27,17831.21,0.004161100886845404
2020-07-28,17967.75,0.00765736032495834
2020-07-29,17882.99,-0.004717340791139613
2020-07-30,18049.36,0.00930325409788857
2020-07-31,18032.74,-0.0009208082724262434
2020-08-03,18110.22,0.004296629353054415
2020-08-04,18304.05,0.010702796542504611
2020-08-05,18387.05,0.004534515585348675
2020-08-06,18377.92,-0.0004965451227902928
2020-08-07,18436.99,0.0032141831066847537
2020-08-10,18500.7,0.0034555532112345855
2020-08-11,18505.44,0.00025620652191538085
2020-08-12,18533.53,0.0015179320243128291
2020-08-13,18956.75,0.022835369193024757
2020-08-14,19162.82,0.010870534242420238
2020-08-17,19183.94,0.0011021342370276521
2020-08-18,19422.41,0.012430710271195577
2020-08-19,19435.36,0.0006667555674089165
2020-08-20,19783.49,0.01791219714993697
2020-08-21,19955.21,0.008679964960681685
2020-08-24,20019.87,0.0032402565545539552
2020-08-25,20211.54,0.009573988242681075
2020-08-26,19943.3,-0.013271626011674642
2020-08-27,19777.96,-0.008290503577642605
2020-08-28,19599.07,-0.009044916664812774
2020-08-31,19718.45,0.006091105343263736
2020-09-01,20199.36,0.02438883380793122
2020-09-02,20809.36,0.030198976601238936
2020-09-03,21053.98,0.011755287043907048
2020-09-04,21268.35,0.010181922847841474
2020-09-07,20931.38,-0.01584373023765351
2020-09-08,20895.79,-0.0017003178959056342
2020-09-09,20802.37,-0.004470757028090411
2020-09-10,20748.6,-0.002584801635582945
2020-09-11,20801.47,0.002548123728830065
2020-09-14,20782.73,-0.0009008978692371938
2020-09-15,20412.16,-0.017830669984164715
2020-09-16,20677.85,0.013016260895466258
2020-09-17,20518.99,-0.007682616906496409
2020-09-18,20666.52,0.007189925040170131
2020-09-21,21252.71,0.028364233552625073
2020-09-22,21126.14,-0.005955475795792586
2020-09-23,20620.22,-0.023947583420350305
2020-09-24,20645.16,0.0012094924302454846
2020-09-25,20997.76,0.017079063567441377
2020-09-28,21565.03,0.027015738821664748
2020-09-29,21361.34,-0.009445384495175735
2020-09-30,21577.83,0.010134663836631974
2020-10-01,21560.05,-0.0008239938863177088
2020-10-02,21630.24,0.0032555583127127363
2020-10-05,22388.06,0.035035209965307734
2020-10-06,22107.95,-0.012511579833178965
2020-10-07,22270.57,0.007355724976761735
2020-10-08,22488.88,0.009802622923436699
2020-10-09,22869.04,0.016904354507649932
2020-10-12,22996.61,0.0055782840031763925
2020-10-13,23180.03,0.007975958195577393
2020-10-14,23180.28,1.0785145662106643e-05
2020-10-15,23354.86,0.0075314016914378445
2020-10-16,23367.95,0.0005604829144769674
2020-10-19,23638.22,0.011565841248376563
2020-10-20,23644.38,0.00026059491789154343
2020-10-21,23851.64,0.00876571938025017
2020-10-22,23950.11,0.004128437289846687
2020-10-23,24366.09,0.017368604987618053
2020-10-26,24460.55,0.0038766991339191925
2020-10-27,24080.65,-0.015531130739087962
2020-10-28,24536.68,0.018937611733902404
2020-10-29,24394.33,-0.005801518379829673
2020-10-30,24322.19,-0.002957244572816875
2020-11-02,24266.25,-0.0022999573640366533
2020-11-03,24757.36,0.020238396950497117
2020-11-04,24272.85,-0.019570341910446154
2020-11-05,25264.2,0.04084192832732869
2020-11-06,25682.63,0.016562170977113766
2020-11-09,25862.59,0.00700707053755778
2020-11-10,25961.81,0.003836429375402961
2020-11-11,26162.22,0.007719415556927567
2020-11-12,26434.68,0.010414253836257048
2020-11-13,26747.59,0.01183710186769793
2020-11-16,27036.72,0.01080957200256183
2020-11-17,27184.94,0.005482173873162077
2020-11-18,27245.2,0.0022166684936586467
2020-11-19,27319.85,0.0027399321715384506
2020-11-20,27381.16,0.002244155806126358
2020-11-23,27859.18,0.01745798936202858
2020-11-24,28172.44,0.011244408485820312
2020-11-25,27370.21,-0.02847570178514891
2020-11-26,27697.55,0.011959718248416795
2020-11-27,27882.62,0.006681818427983766
2020-11-30,28001.08,0.004248524708223345
2020-12-01,28002.37,4.6069651599145445e-05
2020-12-02,28488.12,0.017346746007570024
2020-12-03,28924.31,0.015311294673007625
2020-12-04,28799.86,-0.0043026091201484595
2020-12-07,29062.18,0.009108377610169027
2020-12-08,28871.98,-0.006544588189874245
2020-12-09,28550.66,-0.011129129349632394
2020-12-10,28474.96,-0.002651427322520772
2020-12-11,28883.06,0.014331890194051233
2020-12-14,29327.17,0.015376140893658574
2020-12-15,29629.89,0.010322168828427847
2020-12-16,30007.8,0.012754350421145588
2020-12-17,30318.61,0.010357640346843278
2020-12-18,30233.17,-0.002818071145082257
2020-12-21,30517.15,0.009392994515626585
2020-12-22,30932.77,0.013619227221414842
2020-12-23,31337.66,0.01308935475225792
2020-12-24,31904.69,0.01809420358763214
2020-12-25,32305.46,0.012561476071386357
2020-12-28,32579.16,0.008472252058939977
2020-12-29,33124.02,0.016724188100613935
2020-12-30,33261.8,0.0041595192854009255
2020-12-31,33077.78,-0.005532472686385126
2021-01-01,33031.59,-0.0013964056838156047
2021-01-04,32768.56,-0.007962983313851923
2021-01-05,32533.33,-0.0071785272224350605
2021-01-06,32494.74,-0.0011861681543204883
2021-01-07,32218.62,-0.008497375267504936
2021-01-08,32120.81,-0.0030358221425994536
2021-01-11,31452.68,-0.020800533984043357
2021-01-12,31543.08,0.0028741588952039265
2021-01-13,31557.76,0.00046539526260591657
2021-01-14,31280.85,-0.008774703908008719
2021-01-15,31529.79,0.007958223641621132
2021-01-18,31881.17,0.011144381234381662
2021-01-19,31319.44,-0.0176194913800215
2021-01-20,31063.77,-0.008163300493239878
2021-01-21,30807.94,-0.008235639138456152
2021-01-22,30495.12,-0.010153875916403377
2021-01-25,30797.19,0.009905519309318933
2021-01-26,30743.46,-0.001744639689530092
2021-01-27,30665.24,-0.002544280962520129
2021-01-28,29989.87,-0.0220239593755015
2021-01-29,30220.37,0.007685928615229098
2021-02-01,29812.14,-0.013508438182590066
2021-02-02,29845.89,0.0011320891422084145
2021-02-03,29953.43,0.003603176182717327
2021-02-04,30432.88,0.016006514112073322
2021-02-05,29998.12,-0.014285864499186451
2021-02-08,29001.52,-0.033222081917133384
2021-02-09,29075.17,0.0025395220664294893
2021-02-10,29688.27,0.02108672107506182
2021-02-11,30121.88,0.014605431707539696
2021-02-12,30207.21,0.002832824511617371
2021-02-15,30052.86,-0.00510970725201032
2021-02-16,30342.86,0.009649663958771315
2021-02-17,30023.3,-0.01053163742639951
2021-02-18,30199.54,0.005870107549803105
2021-02-19,30386.85,0.006202412354625153
2021-02-22,30768.25,0.012551481973287926
2021-02-23,31760.59,0.03225207803498731
2021-02-24,31916.64,0.004913321824311145
2021-02-25,31747.31,-0.005305383022774279
2021-02-26,31752.44,0.0001615884936392309
2021-03-01,31135.91,-0.019416775529691566
2021-03-02,30905.56,-0.007398209976840153
2021-03-03,30776.36,-0.004180477558083373
2021-03-04,30607.83,-0.005475956220943545
2021-03-05,30674.6,0.0021814679446401364
2021-03-08,30403.6,-0.008834671030755081
2021-03-09,30806.45,0.013250075648936432
2021-03-10,30820.43,0.0004538010708796669
2021-03-11,30831.1,0.00034619893362930476
2021-03-12,30730.56,-0.0032609929584087594
2021-03-15,30798.59,0.0022137572501119696
2021-03-16,31102.13,0.00985564598898847
2021-03-17,30811.73,-0.009336981100651398
2021-03-18,30596.47,-0.006986300347302743
2021-03-19,30505.06,-0.0029875995498827024
2021-03-22,30056.63,-0.014700184166167807
2021-03-23,29792.16,-0.0087990569801073
2021-03-24,29645.11,-0.004935862320825324
2021-03-25,29954.01,0.010419930976812042
2021-03-26,30056.9,0.0034349324180635854
2021-03-29,30136.55,0.0026499738828686947
2021-03-30,30442.47,0.010151128778841612
2021-03-31,30408.82,-0.001105363658073788
2021-04-01,30557.55,0.004891015172571622
2021-04-02,30535.59,-0.000718644001237001
2021-04-05,30641.44,0.003466446857584904
2021-04-06,30453.38,-0.006137440015873907
2021-04-07,29636.15,-0.02683544486687517
2021-04-08,29604.43,-0.0010703144639233608
2021-04-09,30099.49,0.01672249727490116
2021-04-12,30431.0,0.01101380787515005
2021-04-13,30779.85,0.011463639052282204
2021-04-14,31228.41,0.01457317043455375
2021-04-15,31273.93,0.0014576470592002622
2021-04-16,31358.14,0.002692658070156062
2021-04-19,31153.36,-0.0065303618135513775
2021-04-20,31055.93,-0.0031274315194251834
2021-04-21,31287.65,0.007461376941537479
2021-04-22,31732.0,0.014202089322783884
2021-04-23,31696.18,-0.0011288289423925235
2021-04-26,31549.04,-0.004642199785589329
2021-04-27,31563.48,0.0004577001392118696
2021-04-28,31793.74,0.007295139826153596
2021-04-29,31291.58,-0.01579430416176264
2021-04-30,30501.15,-0.025260149855008907
2021-05-03,30325.03,-0.0057742085134495635
2021-05-04,29921.69,-0.01330056392359713
2021-05-05,29763.22,-0.005296158071285362
2021-05-06,29726.81,-0.0012233219389569117
2021-05-07,29587.78,-0.004676922952715157
2021-05-10,30092.7,0.01706515324907798
2021-05-11,30218.04,0.004165129749075458
2021-05-12,30334.87,0.003866233547907161
2021-05-13,30563.44,0.007534893012562716
2021-05-14,30184.93,-0.01238440437332966
2021-05-17,30556.48,0.012309122466078293
2021-05-18,30544.04,-0.00040711495564926814
2021-05-19,30791.03,0.008086356618181467
2021-05-20,30432.81,-0.011633907667265353
2021-05-21,29914.85,-0.017019788839742422
2021-05-24,30207.21,0.00977307257098059
2021-05-25,30350.11,0.004730658673872901
2021-05-26,30054.84,-0.009728795052143191
2021-05-27,29773.36,-0.00936554644776011
2021-05-28,30169.36,0.013300480698181127
2021-05-31,29778.65,-0.012950556458605655
2021-06-01,30352.22,0.019261114926297784
2021-06-02,30057.41,-0.009712963335136604
2021-06-03,30289.45,0.007719893364065644
2021-06-04,30190.42,-0.003269455206350802
2021-06-07,30411.35,0.007317884282497467
2021-06-08,30237.95,-0.0057018185644504005
2021-06-09,30195.82,-0.0013932822826944191
2021-06-10,30223.48,0.0009160208267235959
2021-06-11,29895.47,-0.010852820389974926
2021-06-14,30161.27,0.008890979134965837
2021-06-15,29999.81,-0.005353222858321294
2021-06-16,29935.66,-0.0021383468761969615
2021-06-17,29613.41,-0.010764753474618582
2021-06-18,28778.39,-0.028197360587652653
2021-06-21,28729.09,-0.0017130909686052798
2021-06-22,29539.2,0.02819824783868885
2021-06-23,29816.63,0.00939192666016675
2021-06-24,29823.59,0.00023342678230231506
2021-06-25,29748.25,-0.0025261881617874016
2021-06-28,29769.27,0.0007065961863303993
2021-06-29,29968.05,0.006677355541469421
2021-06-30,29582.84,-0.012854022867687442
2021-07-01,29972.53,0.013172839389321567
2021-07-02,30230.29,0.008599874618525849
2021-07-05,30491.24,0.008632070681425796
2021-07-06,30657.06,0.005438283257748866
2021-07-07,30677.73,0.00067423294993052
2021-07-08,30926.64,0.008113703328114452
2021-07-09,31148.94,0.007187977743460028
2021-07-12,31038.16,-0.003556461311364001
2021-07-13,30850.87,-0.006034185016122073
2021-07-14,30900.47,0.0016077342389373417
2021-07-15,31462.21,0.018179011516653132
2021-07-16,31037.27,-0.013506362076917022
2021-07-19,30538.86,-0.01605843555183817
2021-07-20,30609.79,0.0023226145311252555
2021-07-21,30641.29,0.0010290825255578895
2021-07-22,30715.44,0.0024199372807083286
2021-07-23,30814.44,0.0032231346840547737
2021-07-26,30750.43,-0.0020772728629823156
2021-07-27,31288.45,0.01749634070157713
2021-07-28,30739.49,-0.017545132469010127
2021-07-29,30465.82,-0.008902880301527527
2021-07-30,30443.92,-0.0007188383572147572
2021-08-02,29895.44,-0.01801607677329331
2021-08-03,29849.36,-0.0015413721958933424
2021-08-04,30430.77,0.019478139564801378
2021-08-05,30451.73,0.0006887765245506827
2021-08-06,30545.28,0.0030720750512367445
2021-08-09,30125.53,-0.013741894001299104
2021-08-10,29929.23,-0.006516067933078684
2021-08-11,29815.63,-0.0037956205355098582
2021-08-12,29721.83,-0.003146000939775573
2021-08-13,30170.54,0.015096984270484004
2021-08-16,30375.64,0.0067980221765999715
2021-08-17,30008.78,-0.012077441002066203
2021-08-18,30106.37,0.0032520482338835865
2021-08-19,30290.6,0.006119302991360209
2021-08-20,30698.6,0.01346952519923672
2021-08-23,31267.85,0.01854319089469869
2021-08-24,30923.98,-0.010997558194759116
2021-08-25,30654.8,-0.008704571662509153
2021-08-26,30234.43,-0.01371302373527139
2021-08-27,30167.93,-0.002199479203014554
2021-08-30,30341.58,0.005756112534071933
2021-08-31,30697.03,0.011714946947390281
2021-09-01,30684.46,-0.00040948586882838534
2021-09-02,30587.18,-0.0031703344298710245
2021-09-03,30653.7,0.002174767337165484
2021-09-06,30378.51,-0.008977382828174174
2021-09-07,31120.92,0.024438657458841773
2021-09-08,30572.55,-0.017620623040706995
2021-09-09,30650.5,0.0025496728274219116
2021-09-10,31376.09,0.023673023278576233
2021-09-13,31392.68,0.000528746571035521
2021-09-14,31339.25,-0.0017019891261275122
2021-09-15,31226.59,-0.003594853099547657
2021-09-16,31176.86,-0.0015925530133132915
2021-09-17,31680.28,0.016147232274193124
2021-09-20,30909.57,-0.02432775215370564
2021-09-21,31465.91,0.01799895631029491
2021-09-22,30975.93,-0.015571772753433799
2021-09-23,30896.36,-0.002568768718162806
2021-09-24,30760.23,-0.004406020644503128
2021-09-27,30980.19,0.007150791785367039
2021-09-28,30437.59,-0.017514418084588868
2021-09-29,30611.34,0.0057084020121171974
2021-09-30,31336.25,0.02368109334645263
2021-10-01,30869.55,-0.01489329450716026
2021-10-04,30950.0,0.0026061280452744917
2021-10-05,30732.43,-0.007029725363489447
2021-10-06,30895.15,0.0052947326325969435
2021-10-07,30915.81,0.0006687133741056783
2021-10-08,30705.62,-0.006798786769617315
2021-10-11,30889.9,0.006001507215942947
2021-10-12,31542.64,0.021131178799542738
2021-10-13,31488.65,-0.0017116512758601488
2021-10-14,31761.03,0.008650100909375125
2021-10-15,31312.81,-0.014112262732033476
2021-10-18,30989.05,-0.0103395383550694
2021-10-19,31169.56,0.005824960752265795
2021-10-20,31712.85,0.017430146591738804
2021-10-21,31855.36,0.004493761992378609
2021-10-22,31756.82,-0.0030933569735203115
2021-10-25,31770.91,0.00044368422279061903
2021-10-26,31337.78,-0.01363291136451561
2021-10-27,31567.58,0.007333001891008273
2021-10-28,31899.39,0.010511100312408983
2021-10-29,31750.62,-0.004663725544595043
2021-11-01,31596.11,-0.00486636166474852
2021-11-02,31705.82,0.0034722628829941815
2021-11-03,31563.46,-0.004490027382985207
2021-11-04,31554.04,-0.00029844636804710056
2021-11-05,32328.91,0.02455691886046929
2021-11-08,32253.05,-0.0023465065787866557
2021-11-09,32136.77,-0.003605240434625512
2021-11-10,31916.08,-0.006867211608384993
2021-11-11,32201.08,0.008929668054472817
2021-11-12,32149.49,-0.0016021201773356308
2021-11-15,31928.06,-0.00688751205695648
2021-11-16,32424.65,0.01555340349523271
2021-11-17,32965.69,0.01668607062836447
2021-11-18,32756.8,-0.006336588131478638
2021-11-19,32085.29,-0.02049986567674489
2021-11-22,32468.6,0.01194659608811377
2021-11-23,32232.07,-0.007284884472998465
2021-11-24,32537.02,0.009461074017275362
2021-11-25,31832.61,-0.021649493407816744
2021-11-26,32170.95,0.010628723186694389
2021-11-29,31746.49,-0.013193890761696525
2021-11-30,32025.09,0.008775773321711977
2021-12-01,32044.74,0.000613581413822839
2021-12-02,31714.31,-0.010311520705114208
2021-12-03,31582.54,-0.0041549067282246055
2021-12-06,31843.65,0.008267542762551816
2021-12-07,31896.31,0.0016537048987788072
2021-12-08,32122.88,0.00710332950739434
2021-12-09,32865.74,0.023125572800446248
2021-12-10,32302.53,-0.017136690060835402
2021-12-13,32915.2,0.01896662583395159
2021-12-14,32969.06,0.0016363260742757735
2021-12-15,32649.51,-0.00969242071202514
2021-12-16,32175.24,-0.014526098554005773
2021-12-17,32120.82,-0.001691362675150243
2021-12-20,32472.92,0.010961737589513465
2021-12-21,32440.63,-0.0009943669987175774
2021-12-22,33016.19,0.017741948907897376
2021-12-23,32492.04,-0.01587554469489061
2021-12-24,32502.26,0.00031453857621732695
2021-12-27,32058.43,-0.013655358119712191
2021-12-28,32205.43,0.0045853773874766635
2021-12-29,32545.63,0.010563436041686192
2021-12-30,32405.35,-0.004310256092753595
2021-12-31,31476.66,-0.028658539407844685
2022-01-03,31467.45,-0.00029259775338297267
2022-01-04,31543.18,0.0024066138184060115
2022-01-05,31607.46,0.0020378414604995676
2022-01-06,31971.9,0.011530189391998125
2022-01-07,31505.57,-0.01458562049799983
2022-01-10,31668.7,0.005177814589610641
2022-01-11,32018.12,0.011033607315740657
2022-01-12,31299.01,-0.02245946982521152
2022-01-13,31332.71,0.001076711372021144
2022-01-14,31074.8,-0.008231333963771403
2022-01-17,30967.07,-0.003466796246476278
2022-01-18,31010.27,0.0013950302692504746
2022-01-19,30760.93,-0.008040562046057631
2022-01-20,30448.45,-0.010158340466299265
2022-01-21,30382.72,-0.002158730575776424
2022-01-24,29934.07,-0.014766617340382981
2022-01-25,29492.52,-0.01475075056616093
2022-01-26,29644.95,0.00516842914745852
2022-01-27,29186.82,-0.015453896869449979
2022-01-28,29333.32,0.005019388888546361
2022-01-31,29412.53,0.0027003421365190405
2022-02-01,28769.15,-0.021874350829391376
2022-02-02,28476.31,-0.01017895905857491
2022-02-03,28791.03,0.011051993744976008
2022-02-04,28400.03,-0.013580618685750334
2022-02-07,28178.97,-0.0077837945945831155
2022-02-08,28254.9,0.0026945626472507644
2022-02-09,28434.44,0.006354296069000398
2022-02-10,28281.29,-0.005386074070739544
2022-02-11,28018.84,-0.009279986874714763
2022-02-14,28401.92,0.013672229114410017
2022-02-15,28893.76,0.017317139122988934
2022-02-16,29141.88,0.008587321276289472
2022-02-17,29095.85,-0.0015795137444805096
2022-02-18,28757.03,-0.011644959676379907
2022-02-21,28415.01,-0.011893439621546431
2022-02-22,28511.11,0.003382015350337886
2022-02-23,28573.78,0.002198090498756411
2022-02-24,28957.63,0.013433644411064982
2022-02-25,29097.75,0.004838793782502293
2022-02-28,28533.22,-0.01940115644680429
2022-03-01,28802.11,0.009423752384063233
2022-03-02,28405.51,-0.01376982450244102
2022-03-03,28210.12,-0.006878595033146695
2022-03-04,28218.27,0.0002889034148030323
2022-03-07,28790.63,0.020283312903307094
2022-03-08,29748.08,0.03325561128742227
2022-03-09,29877.2,0.004340448190269797
2022-03-10,29739.32,-0.004614890284230122
2022-03-11,29843.96,0.003518574062890467
2022-03-14,30069.13,0.007544910259898563
2022-03-15,29883.74,-0.006165459393071893
2022-03-16,30420.66,0.01796696129734765
2022-03-17,30422.5,6.0485209722571653e-05
2022-03-18,30516.81,0.003100008217602257
2022-03-21,30669.86,0.005015268633910219
2022-03-22,30738.39,0.002234441239705731
2022-03-23,30953.2,0.006988329577443775
2022-03-24,30659.09,-0.009501763953323139
2022-03-25,30388.07,-0.008839792700957583
2022-03-28,29934.96,-0.014910785712945906
2022-03-29,30007.95,0.00243828620449138
2022-03-30,30197.11,0.006303662862674697
2022-03-31,30277.0,0.002645617411732415
2022-04-01,30778.82,0.016574297321399145
2022-04-04,30698.54,-0.002608287127316755
2022-04-05,30853.48,0.0050471455645773045
2022-04-06,30396.34,-0.014816480993391945
2022-04-07,30186.19,-0.006913661315803177
2022-04-08,30347.76,0.0053524475927568815
2022-04-11,30563.37,0.007104642978592146
2022-04-12,30384.14,-0.005864209346024274
2022-04-13,30282.21,-0.00335471071420812
2022-04-14,29689.72,-0.019565612945686484
2022-04-15,29494.51,-0.006575003065034002
2022-04-18,29717.96,0.007575986175054394
2022-04-19,29836.29,0.00398176725454924
2022-04-20,29929.78,0.003133432474345721
2022-04-21,29870.46,-0.001981972470228688
2022-04-22,29796.82,-0.002465311883379062
2022-04-25,29499.28,-0.009985629338969737
2022-04-26,29658.29,0.00539030105141558
2022-04-27,29724.35,0.0022273704923647664
2022-04-28,29814.57,0.003035221964483803
2022-04-29,29561.83,-0.00847706339551424
2022-05-02,28775.35,-0.026604577592118095
2022-05-03,29061.41,0.009941147544686668
2022-05-04,28830.48,-0.007946276522715179
2022-05-05,28477.14,-0.012255779300240577
2022-05-06,28628.9,0.005329186849522216
2022-05-09,28429.39,-0.006968832194041763
2022-05-10,28699.89,0.009514801407979556
2022-05-11,28827.83,0.004457856807116745
2022-05-12,28978.2,0.005216140097954014
2022-05-13,28460.21,-0.017875161328170908
2022-05-16,28780.57,0.011256417292774712
2022-05-17,28792.49,0.0004141683086889003
2022-05-18,28599.2,-0.006713208895791967
2022-05-19,28572.83,-0.0009220537637416593
2022-05-20,27931.84,-0.02243354963439048
2022-05-23,27990.15,0.002087581770481295
2022-05-24,27594.93,-0.014119967202748107
2022-05-25,27105.75,-0.017727169447431135
2022-05-26,26574.06,-0.019615395257463808
2022-05-27,26842.97,0.010119266683374706
2022-05-30,26584.29,-0.00963678758349018
2022-05-31,26981.8,0.01495281611809074
2022-06-01,26750.12,-0.008586528697121731
2022-06-02,26170.45,-0.021669809331696377
2022-06-03,25775.44,-0.01509374122340279
2022-06-06,26072.64,0.011530356028839783
2022-06-07,25960.35,-0.004306813579292301
2022-06-08,25733.79,-0.008727155065320624
2022-06-09,25714.91,-0.0007336657367609245
2022-06-10,25795.82,0.0031464236118268207
2022-06-13,26058.24,0.010172966007671036
2022-06-14,26422.35,0.013972931402888245
2022-06-15,26247.8,-0.006606149717947041
2022-06-16,25790.29,-0.017430413215583695
2022-06-17,25604.32,-0.007210853387069394
2022-06-20,25614.64,0.00040305698413400926
2022-06-21,25271.76,-0.0133860948270208
2022-06-22,24935.34,-0.013312092232594774
2022-06-23,24969.02,0.0013506934334963638
2022-06-24,24891.74,-0.0030950353678277365
2022-06-27,24837.62,-0.0021742152215956656
2022-06-28,24562.24,-0.0110872136702308
2022-06-29,24435.81,-0.0051473318394413825
2022-06-30,24119.52,-0.012943708434465684
2022-07-01,24375.21,0.010600957232979713
2022-07-04,24674.17,0.012264919974022792
2022-07-05,24173.93,-0.020273832919202484
2022-07-06,23931.29,-0.010037259146526867
2022-07-07,23539.25,-0.016381900014583506
2022-07-08,23376.94,-0.006895291906071854
2022-07-11,23365.39,-0.0004940766413397135
2022-07-12,22994.84,-0.01585892638642028
2022-07-13,22766.01,-0.009951363001438618
2022-07-14,22518.48,-0.01087278798524638
2022-07-15,22581.66,0.002805695588689927
2022-07-18,22609.63,0.0012386157616401938
2022-07-19,22435.49,-0.007702027852733551
2022-07-20,22490.67,0.00245949609302043
2022-07-21,22361.78,-0.005730820824813132
2022-07-22,22303.07,-0.0026254618371166494
2022-07-25,22740.59,0.01961703030120976
2022-07-26,23099.3,0.01577399706867766
2022-07-27,22771.69,-0.01418268086045904
2022-07-28,22997.32,0.009908355506332622
2022-07-29,23220.37,0.009698956226203759
2022-08-01,22930.35,-0.012489895725175781
2022-08-02,23154.68,0.009783104052053293
2022-08-03,23572.65,0.018051210381659466
2022-08-04,23285.02,-0.012201852570669858
2022-08-05,23054.44,-0.00990250384152569
2022-08-08,23332.54,0.012062752337510751
2022-08-09,23415.05,0.003536263090087921
2022-08-10,23572.57,0.006727297187065551
2022-08-11,23674.47,0.004322820973699626
2022-08-12,23790.33,0.004893879356116626
2022-08-15,23445.76,-0.014483615822058926
2022-08-16,23736.57,0.012403522001419587
2022-08-17,24064.32,0.013807807952033402
2022-08-18,24012.65,-0.002147162271778247
2022-08-19,24011.66,-4.122826926644674e-05
2022-08-22,23609.05,-0.016767270567715875
2022-08-23,23757.84,0.0063022442664995015
2022-08-24,23923.25,0.006962333276089083
2022-08-25,23917.18,-0.0002537280678837073
2022-08-26,24235.0,0.013288355901490023
2022-08-29,24154.27,-0.003331132659376901
2022-08-30,24320.39,0.006877458933761904
2022-08-31,24051.67,-0.011049164918819243
2022-09-01,24056.11,0.00018460256605901115
2022-09-02,24019.44,-0.0015243528567171483
2022-09-05,24091.76,0.0030108945087812256
2022-09-06,24001.87,-0.003731151231790464
2022-09-07,23976.94,-0.0010386690703683144
2022-09-08,24213.5,0.009866146388988861
2022-09-09,24104.77,-0.0044904701922481305
2022-09-12,23680.32,-0.01760854801767453
2022-09-13,24165.7,0.020497189227172585
2022-09-14,24558.31,0.0162465808977188
2022-09-15,24212.01,-0.014101133180581371
2022-09-16,24413.13,0.008306621383354917
2022-09-19,24285.26,-0.0052377552571096775
2022-09-20,24368.92,0.003444887969080934
2022-09-21,24461.4,0.003794997890756102
2022-09-22,24407.49,-0.002203880399322955
2022-09-23,24202.47,-0.008399880528477177
2022-09-26,24024.55,-0.007351315795454005
2022-09-27,23787.0,-0.009887802268929047
2022-09-28,23574.34,-0.00894017740782782
2022-09-29,23567.03,-0.0003100829121833737
2022-09-30,23387.09,-0.007635242964429523
2022-10-03,23579.31,0.00821906444966003
2022-10-04,23991.15,0.01746615995124534
2022-10-05,23844.64,-0.006106835228824048
2022-10-06,23920.25,0.00317094323923528
2022-10-07,24067.03,0.006136223492647419
2022-10-10,24207.12,0.00582082625068403
2022-10-11,24238.92,0.0013136630875543176
2022-10-12,24454.94,0.008912113245969744
2022-10-13,24600.14,0.00593745067458773
2022-10-14,24268.27,-0.013490573630881686
2022-10-17,24519.7,0.010360441844433188
2022-10-18,24778.82,0.010567829133309115
2022-10-19,24576.38,-0.008169880567355459
2022-10-20,24598.06,0.0008821478183524967
2022-10-21,24800.59,0.008233576143809707
2022-10-24,24752.98,-0.001919712393939066
2022-10-25,25067.29,0.012697865065135705
2022-10-26,25759.9,0.027630031008537337
2022-10-27,25542.88,-0.00842472214566048
2022-10-28,25157.36,-0.015093051370871247
2022-10-31,25255.58,0.0039042252446204184
2022-11-01,25474.56,0.00867055913980197
2022-11-02,25419.44,-0.002163727263591708
2022-11-03,25853.45,0.017073940259895615
2022-11-04,25475.51,-0.014618551876055319
2022-11-07,25688.05,0.008342914430368609
2022-11-08,25523.71,-0.006397527254890845
2022-11-09,26037.95,0.020147541246942513
2022-11-10,26644.96,0.02331251116159283
2022-11-11,26426.26,-0.008207931256042467
2022-11-14,26273.97,-0.005762828338175652
2022-11-15,26543.29,0.010250449399158201
2022-11-16,26438.97,-0.003930183485167049
2022-11-17,26437.29,-6.354256614382603e-05
2022-11-18,26456.85,0.000739864032962334
2022-11-21,25898.88,-0.02108981227923945
2022-11-22,25906.51,0.00029460733437103315
2022-11-23,25716.3,-0.007342169979669189
2022-11-24,25584.46,-0.005126709518865513
2022-11-25,26018.45,0.016963031465194067
2022-11-28,25661.97,-0.01370104675720496
2022-11-29,25911.39,0.009719440869114804
2022-11-30,25841.22,-0.002708075483407013
2022-12-01,25771.02,-0.002716590006199393
2022-12-02,26014.76,0.009457910474633735
2022-12-05,26127.06,0.004316780166336409
2022-12-06,26308.53,0.0069456724177920925
2022-12-07,26610.95,0.011495131046850737
2022-12-08,26523.15,-0.0032993936706505744
2022-12-09,26351.56,-0.006469442732103814
2022-12-12,26041.06,-0.011782983626016819
2022-12-13,25810.12,-0.008868302595977373
2022-12-14,26699.85,0.03447213728568488
2022-12-15,27091.58,0.014671618005344778
2022-12-16,26691.75,-0.014758460008607921
2022-12-19,26306.37,-0.014438169097192977
2022-12-20,26462.44,0.0059327835805547124
2022-12-21,26639.19,0.006679278252496701
2022-12-22,26817.61,0.0066976510922442944
2022-12-23,26752.27,-0.002436458729916602
2022-12-26,26726.31,-0.0009703849430346967
2022-12-27,26837.98,0.004178279755042702
2022-12-28,26876.26,0.001426336855456345
2022-12-29,26220.21,-0.024410018358208996
2022-12-30,26163.79,-0.002151775290891944
2023-01-02,25924.12,-0.00916037011457449
2023-01-03,25987.41,0.0024413557721534307
2023-01-04,26894.28,0.03489651335011845
2023-01-05,27018.77,0.004628865320060793
2023-01-06,26935.05,-0.003098586649207258
2023-01-09,27230.35,0.010963410129181117
2023-01-10,27392.17,0.005942633862583424
2023-01-11,27535.39,0.005228501429423105
2023-01-12,27738.04,0.007359619747532298
2023-01-13,28405.29,0.024055412711208035
2023-01-16,28056.04,-0.012295245005419786
2023-01-17,28219.86,0.005839027888469017
2023-01-18,27937.6,-0.010002175772665156
2023-01-19,28126.83,0.006773309088826673
2023-01-20,27847.92,-0.009916154788861875
2023-01-23,27728.97,-0.004271414166659326
2023-01-24,27648.82,-0.0028904788024943784
2023-01-25,27969.08,0.011583134470114942
2023-01-26,28274.64,0.010924921377463814
2023-01-27,27890.66,-0.0135803674246604
2023-01-30,27920.64,0.0010749118163571048
2023-01-31,27709.41,-0.007565370994361165
2023-02-01,27329.14,-0.01372349681931162
2023-02-02,27274.28,-0.0020073811323737534
2023-02-03,27191.33,-0.00304132684712477
2023-02-06,27962.55,0.028362717086659606
2023-02-07,28112.85,0.005375046267239503
2023-02-08,27689.62,-0.015054681400142655
2023-02-09,27525.3,-0.005934353739776799
2023-02-10,27858.51,0.01210559012980772
2023-02-13,28538.98,0.02442592945566724
2023-02-14,28043.0,-0.017379037372744266
2023-02-15,27463.95,-0.02064864672110689
2023-02-16,28065.48,0.02190253040804402
2023-02-17,28202.48,0.004881441543134191
2023-02-20,27938.79,-0.009349886960295595
2023-02-21,28121.37,0.006535000263075075
2023-02-22,27305.68,-0.029006054825920558
2023-02-23,27319.06,0.0004900079397400781
2023-02-24,27433.18,0.004177303318635417
2023-02-27,27734.72,0.01099179898210867
2023-02-28,27430.08,-0.010984066181306318
2023-03-01,27469.15,0.001424348744152315
2023-03-02,27194.69,-0.009991572363906465
2023-03-03,27285.87,0.003352860429738369
2023-03-06,27022.46,-0.009653714541629
2023-03-07,26909.85,-0.004167274185991943
2023-03-08,26619.73,-0.010781182355159902
2023-03-09,26829.11,0.00786559442939505
2023-03-10,27103.77,0.010237387673314613
2023-03-13,27043.97,-0.00220633513345192
2023-03-14,27067.92,0.0008855948294572702
2023-03-15,26638.98,-0.01584680315295739
2023-03-16,26560.6,-0.0029423048480085034
2023-03-17,26557.48,-0.00011746722589089931
2023-03-20,27370.89,0.030628282502707327
2023-03-21,27040.15,-0.012083640685414232
2023-03-22,27505.25,0.017200348370848495
2023-03-23,27830.48,0.011824288090455548
2023-03-24,27931.79,0.0036402534199913017
2023-03-27,28507.23,0.020601615578521804
2023-03-28,28640.7,0.004681970152834891
2023-03-29,28780.35,0.004875928311808053
2023-03-30,28776.01,-0.00015079733220757507
2023-03-31,29191.21,0.014428685561340915
2023-04-03,29569.76,0.012967944802562137
2023-04-04,29373.98,-0.006620953298234422
2023-04-05,28950.92,-0.014402542658502604
2023-04-06,28897.41,-0.0018483005030581756
2023-04-07,28649.38,-0.008583122155238043
2023-04-10,28641.69,-0.00026841767605445543
2023-04-11,29059.52,0.0145881754882482
2023-04-12,28922.28,-0.004722720815760306
2023-04-13,28921.3,-3.388391233327681e-05
2023-04-14,28953.41,0.0011102543799899056
2023-04-17,29246.49,0.010122469166844228
2023-04-18,28523.66,-0.024715102564444535
2023-04-19,28340.91,-0.0064069617994324535
2023-04-20,28421.72,0.0028513551611433208
2023-04-21,28824.13,0.014158537906924673
2023-04-24,28676.75,-0.005113077133637733
2023-04-25,28085.69,-0.020611122250603797
2023-04-26,28296.51,0.007506313713496082
2023-04-27,28106.08,-0.006729805195057503
2023-04-28,27742.01,-0.012953425024051834
2023-05-01,27558.75,-0.006605865977266867
2023-05-02,27513.57,-0.0016394067220030228
2023-05-03,27337.89,-0.006385212824071895
2023-05-04,26674.73,-0.024257907248876887
2023-05-05,26959.61,0.010679770704333347
2023-05-08,27364.52,0.015019134178869686
2023-05-09,27579.88,0.00787004486100984
2023-05-10,27238.68,-0.012371337366224977
2023-05-11,27188.79,-0.0018315865526523645
2023-05-12,27199.06,0.00037772920383738473
2023-05-15,27396.73,0.0072675305690710346
2023-05-16,27617.61,0.008062276045352812
2023-05-17,27401.02,-0.007842459937699164
2023-05-18,27438.9,0.001382430289091463
2023-05-19,27594.0,0.0056525589582672175
2023-05-22,28065.96,0.017103718199608542
2023-05-23,28303.84,0.008475747845432702
2023-05-24,28571.11,0.009442888314801223
2023-05-25,28611.2,0.0014031656452968555
2023-05-26,29085.59,0.016580569846773363
2023-05-29,29234.24,0.005110778223855972
2023-05-30,28963.27,-0.009268925752815904
2023-05-31,29441.13,0.016498827653093073
2023-06-01,29688.44,0.008400153119122677
2023-06-02,29553.01,-0.004561708193492109
2023-06-05,29406.05,-0.004972759119967751
2023-06-06,29518.43,0.0038216625490332667
2023-06-07,29687.27,0.005719816399449407
2023-06-08,29767.2,0.0026923998063816956
2023-06-09,29885.95,0.003989290225483
2023-06-12,30481.38,0.01992340882588639
2023-06-13,30867.93,0.012681512451207855
2023-06-14,30948.7,0.002616631565511618
2023-06-15,31294.92,0.011186899611292045
2023-06-16,30944.64,-0.011192870919625286
2023-06-19,31098.62,0.004975982916589183
2023-06-20,31757.55,0.02118839999974287
2023-06-21,31693.44,-0.00201873255336138
2023-06-22,31404.47,-0.009117659679731771
2023-06-23,31187.2,-0.006918441865123026
2023-06-26,30818.16,-0.011833059716806926
2023-06-27,30558.94,-0.00841127439146272
2023-06-28,30444.57,-0.003742603637429842
2023-06-29,29976.74,-0.015366615458848543
2023-06-30,29995.59,0.0006288208791216388
2023-07-03,30317.73,0.010739578718071519
2023-07-04,30020.83,-0.009792949538108497
2023-07-05,30556.27,0.01783561613719531
2023-07-06,30747.64,0.006262871744489695
2023-07-07,31123.11,0.01221134369987431
2023-07-10,30905.78,-0.0069829139825680064
2023-07-11,31220.79,0.010192591806451823
2023-07-12,30850.54,-0.011859084923860008
2023-07-13,31177.62,0.010602083464341217
2023-07-14,31252.53,0.002402685002896199
2023-07-17,31463.41,0.0067476137131938785
2023-07-18,31060.81,-0.012795815838143376
2023-07-19,30761.05,-0.009650746390709175
2023-07-20,30984.06,0.007249752527953346
2023-07-21,30666.51,-0.010248818263326465
2023-07-24,30841.93,0.00572024661430337
2023-07-25,30381.22,-0.014937781131077021
2023-07-26,30688.68,0.010120067594388882
2023-07-27,30276.44,-0.013432966162115867
2023-07-28,30480.4,0.006736591224067334
2023-07-31,30711.26,0.007574047584677279
2023-08-01,30483.34,-0.007421382255237918
2023-08-02,30699.05,0.007076324313542992
2023-08-03,30803.75,0.0034105289903108016
2023-08-04,30629.94,-0.005642494826117006
2023-08-07,30295.33,-0.010924278663294706
2023-08-08,29641.97,-0.021566360227797454
2023-08-09,29773.16,0.004425819201625325
2023-08-10,29262.76,-0.017142956945114363
2023-08-11,29307.65,0.001534031649782941
2023-08-14,29233.43,-0.0025324446006418366
2023-08-15,29472.72,0.008185491746948603
2023-08-16,29385.22,-0.0029688471237130365
2023-08-17,29288.88,-0.0032785189289037397
2023-08-18,29546.29,0.008788659723417247
2023-08-21,29672.15,0.004259756470270881
2023-08-22,29792.16,0.004044533341871048
2023-08-23,29964.64,0.005789442591608074
2023-08-24,29460.72,-0.016817155153540875
2023-08-25,29728.04,0.009073776879858997
2023-08-28,29948.73,0.007423631023101285
2023-08-29,29618.83,-0.011015492142738559
2023-08-30,29550.31,-0.002313393202905023
2023-08-31,29550.49,6.091306656408335e-06
2023-09-01,29518.78,-0.0010730786528413416
2023-09-04,29644.12,0.004246110442233775
2023-09-05,30142.79,0.016821885756770794
2023-09-06,30528.58,0.012798748888208422
2023-09-07,30091.29,-0.014323954799076777
2023-09-08,30317.98,0.007533409169231398
2023-09-11,30792.2,0.015641543400978675
2023-09-12,30941.52,0.004849280012470647
2023-09-13,31340.81,0.012904666609785176
2023-09-14,32078.61,0.023541191181721155
2023-09-15,32467.8,0.012132383541556102
2023-09-18,32574.42,0.0032838689409198096
2023-09-19,32977.62,0.012377810564240477
2023-09-20,33046.76,0.0020965733730935465
2023-09-21,33070.65,0.0007229150452268129
2023-09-22,32954.02,-0.003526692097071127
2023-09-25,33558.57,0.018345258029217826
2023-09-26,33263.6,-0.00878970707035498
2023-09-27,33861.91,0.017986928654745826
2023-09-28,34069.76,0.006138165271834861
2023-09-29,33548.6,-0.015296849757673758
2023-10-02,33703.97,0.004631191763590836
2023-10-03,32925.75,-0.023089861520764532
2023-10-04,33175.09,0.007572796367584456
2023-10-05,33524.9,0.01054435722706426
2023-10-06,33315.52,-0.006245507070863909
2023-10-09,33377.29,0.0018540908261375222
2023-10-10,34140.54,0.02286734483236952
2023-10-11,33960.65,-0.0052691023633486544
2023-10-12,33570.48,-0.01148888493005873
2023-10-13,34154.67,0.017401895951442814
2023-10-16,34939.03,0.02296494154386508
2023-10-17,34956.27,0.0004934309853479313
2023-10-18,35375.46,0.011991840090490369
2023-10-19,35933.89,0.01578580179593425
2023-10-20,35648.73,-0.007935684113242303
2023-10-23,35469.11,-0.005038608668527678
2023-10-24,35983.86,0.01451262803041864
2023-10-25,36694.56,0.019750521483798522
2023-10-26,36946.19,0.0068574197374215995
2023-10-27,36595.96,-0.009479461887680563
2023-10-30,37446.78,0.02324901437207827
2023-10-31,37238.82,-0.005553481500946145
2023-11-01,37114.33,-0.0033430167765787777
2023-11-02,37275.51,0.004342796973567875
2023-11-03,37955.35,0.018238248115183264
2023-11-06,38341.98,0.010186442754447134
2023-11-07,38540.17,0.005169007964638039
2023-11-08,38760.66,0.00572104378366789
2023-11-09,38797.31,0.0009455463348662096
2023-11-10,39061.26,0.006803306724100233
2023-11-13,37973.94,-0.027836275634733787
2023-11-14,37863.54,-0.002907256924090662
2023-11-15,37984.44,0.003193045341243872
2023-11-16,37508.85,-0.012520653193781595
2023-11-17,37690.53,0.004843656896972304
2023-11-20,37620.23,-0.0018651900092674367
2023-11-21,38393.91,0.02056553083274615
2023-11-22,39102.51,0.01845605201449918
2023-11-23,38914.1,-0.004818360765076246
2023-11-24,38865.15,-0.00125789880788707
2023-11-27,38850.11,-0.00038697908022999883
2023-11-28,38669.12,-0.004658674068104274
2023-11-29,38772.23,0.0026664687481898763
2023-11-30,38457.65,-0.008113538994275027
2023-12-01,37984.92,-0.012292222743719439
2023-12-04,38271.36,0.007540887278425279
2023-12-05,38562.93,0.007618490693824365
2023-12-06,38230.1,-0.008630827584937162
2023-12-07,38637.64,0.010660186606888278
2023-12-08,38379.26,-0.006687261437292702
2023-12-11,38506.97,0.0033275784890067772
2023-12-12,38884.39,0.009801342458261475
2023-12-13,38887.13,7.046529468501816e-05
2023-12-14,39105.81,0.005623454340806244
2023-12-15,38895.05,-0.005389480488960485
2023-12-18,38826.03,-0.0017745188655112765
2023-12-19,38753.0,-0.001880954606999441
2023-12-20,38443.68,-0.007981833664490456
2023-12-21,38384.03,-0.001551620448406621
2023-12-22,37732.94,-0.016962523216035308
2023-12-25,37540.33,-0.00510455851041558
2023-12-26,37436.17,-0.002774615992986784
2023-12-27,37344.44,-0.002450304077580512
2023-12-28,37259.14,-0.0022841418963573945
2023-12-29,37249.87,-0.0002487980130512213
2024-01-01,37469.85,0.005905523965586967
2024-01-02,37860.34,0.01042144550885582
2024-01-03,37599.4,-0.006892172653494288
2024-01-04,37106.67,-0.013104730394634001
2024-01-05,36687.37,-0.011299855255133218
2024-01-08,36501.74,-0.005059779428179367
2024-01-09,36372.79,-0.003532708303768506
2024-01-10,36072.89,-0.008245174483453188
2024-01-11,35562.68,-0.014143862607071345
2024-01-12,35395.2,-0.004709431347693749
2024-01-15,35484.11,0.0025119225205678664
2024-01-16,35740.47,0.0072246422412736155
2024-01-17,35531.32,-0.005851909613947437
2024-01-18,35381.3,-0.004222190450565821
2024-01-19,35027.28,-0.010005850548171047
2024-01-22,35030.61,9.506875783671376e-05
2024-01-23,34710.89,-0.00912687503871612
2024-01-24,34952.98,0.0069744682432517635
2024-01-25,34267.78,-0.019603478730569
2024-01-26,34143.74,-0.003619726752068564
2024-01-29,34275.99,0.0038733308067600003
2024-01-30,34363.03,0.0025393869002763303
2024-01-31,35444.53,0.03147277757520217
2024-02-01,35601.47,0.004427763606965618
2024-02-02,35214.35,-0.010873708304741436
2024-02-05,35192.14,-0.0006307087877527318
2024-02-06,34506.01,-0.019496683066161813
2024-02-07,34490.06,-0.00046223831732516985
2024-02-08,34181.24,-0.008953884104579646
2024-02-09,34553.47,0.010889891648167227
2024-02-12,34354.34,-0.00576295231709012
2024-02-13,34324.38,-0.0008720877769736735
2024-02-14,34093.3,-0.006732241048490684
2024-02-15,34787.89,0.02037321115879065
2024-02-16,34677.06,-0.003185878764133232
2024-02-19,35421.15,0.021457701431436327
2024-02-20,35765.81,0.009730344723420714
2024-02-21,35978.09,0.005935277294153218
2024-02-22,36145.15,0.004643381569171767
2024-02-23,36323.3,0.004928738710449521
2024-02-26,35554.02,-0.021178692464616566
2024-02-27,35457.78,-0.0027068669028142978
2024-02-28,35815.38,0.010085233762519685
2024-02-29,35811.7,-0.0001027491541343295
2024-03-01,35261.54,-0.015362577034879532
2024-03-04,35256.51,-0.00014264833583554903
2024-03-05,35960.62,0.01997106350004585
2024-03-06,36489.14,0.014697188201983069
2024-03-07,36479.96,-0.00025158170348771325
2024-03-08,36892.31,0.01130346634152013
2024-03-11,36755.9,-0.003697518534350297
2024-03-12,36068.88,-0.018691420969150663
2024-03-13,35708.88,-0.00998090320520073
2024-03-14,36363.76,0.018339415853983798
2024-03-15,36267.33,-0.0026518159838256894
2024-03-18,36183.72,-0.0023053806276889244
2024-03-19,36077.2,-0.002943865362654896
2024-03-20,36881.26,0.02228720632421588
2024-03-21,37584.5,0.019067678273464672
2024-03-22,38559.48,0.025941012917559236
2024-03-25,38507.39,-0.0013508999602692695
2024-03-26,38654.13,0.0038106971155407177
2024-03-27,38012.24,-0.016605987510260878
2024-03-28,38671.65,0.017347307077930862
2024-03-29,38180.19,-0.012708534546625239
2024-04-01,38291.44,0.0029138147295757477
2024-04-02,37835.05,-0.01191885183738195
2024-04-03,37600.23,-0.0062064144226055
2024-04-04,37261.78,-0.009001274726245123
2024-04-05,37022.55,-0.006420251528509779
2024-04-08,36813.54,-0.005645478228809231
2024-04-09,36601.91,-0.0057487000706804015
2024-04-10,36966.1,0.009950027198034173
2024-04-11,36522.36,-0.0120039712060509
2024-04-12,36630.35,0.0029568187816997327
2024-04-15,37156.51,0.014364045115594193
2024-04-16,36957.61,-0.005353032348840103
2024-04-17,36674.54,-0.007659315632152608
2024-04-18,36595.32,-0.002160081626109034
2024-04-19,37104.89,0.013924458100106785
2024-04-22,37203.44,0.00265598415734436
2024-04-23,36996.73,-0.00555620663035461
2024-04-24,37217.08,0.005955931780997847
2024-04-25,36771.4,-0.011975146894920297
2024-04-26,37073.33,0.00821100094094862
2024-04-29,37262.32,0.005097734678810806
2024-04-30,37149.27,-0.003033895903422068
2024-05-01,36814.32,-0.009016327911692379
2024-05-02,36462.51,-0.009556335686765283
2024-05-03,36700.87,0.006537125392629406
2024-05-06,37232.7,0.014490937135822612
2024-05-07,36981.31,-0.0067518605956591315
2024-05-08,37190.81,0.005665023764707122
2024-05-09,36337.44,-0.022945722343772457
2024-05-10,36113.66,-0.006158386501635693
2024-05-13,36117.25,9.940836791377805e-05
2024-05-14,35762.77,-0.00981470073164492
2024-05-15,35401.0,-0.010115827157683777
2024-05-16,35149.83,-0.007094997316459906
2024-05-17,35282.41,0.003771853235136513
2024-05-20,35223.45,-0.001671087660962134
2024-05-21,34356.27,-0.024619394182000875
2024-05-22,33555.12,-0.023318887644089292
2024-05-23,33340.07,-0.0064088580222632086
2024-05-24,33528.68,0.0056571566886332025
2024-05-27,32514.92,-0.03023560724728802
2024-05-28,32345.8,-0.005201304508822391
2024-05-29,32167.89,-0.005500250418910668
2024-05-30,32693.05,0.016325596736372905
2024-05-31,32565.33,-0.003906640708040365
2024-06-03,32721.84,0.004806031445098169
2024-06-04,32789.09,0.0020552022746886944
2024-06-05,32020.91,-0.02342791458988336
2024-06-06,32315.64,0.009204298066482153
2024-06-07,32409.3,0.0028982870213927203
2024-06-10,32611.34,0.0062340130764935164
2024-06-11,34111.38,0.04599749657634411
2024-06-12,33329.77,-0.022913467587649672
2024-06-13,34003.34,0.020209260369933535
2024-06-14,33908.0,-0.0028038422107944383
2024-06-17,34034.02,0.00371652707325687
2024-06-18,34031.83,-6.434737947491609e-05
2024-06-19,33883.81,-0.004349457551944824
2024-06-20,33680.79,-0.005991652060379216
2024-06-21,33822.14,0.004196754292283389
2024-06-24,33260.29,-0.016611899779256922
2024-06-25,33559.72,0.009002627457547652
2024-06-26,33416.8,-0.004258676770843128
2024-06-27,33006.24,-0.01228603576644094
2024-06-28,32853.08,-0.004640334676109581
